logFC,AveExpr,t,P.Value,adj.P.Val,B,PROBEID,ENTREZID,GENENAME,SYMBOL
-0.7930151182941003,7.511614244055433,-6.036293878056658,1.5829364159538573e-7,0.00201921201107874,6.992560830915554,230742_at,10181,RNA binding motif protein 5,RBM5
0.8925842223623945,10.60753396903964,5.928278948839194,2.3513128950671073e-7,0.00201921201107874,6.640136290323625,213350_at,6205,ribosomal protein S11,RPS11
-0.5249206473031292,7.8061923848683925,-5.815714265482761,3.5471726669547284e-7,0.00201921201107874,6.273694862504264,201627_s_at,3638,insulin induced gene 1,INSIG1
-0.6341370054414988,8.801705171108994,-5.795551369821819,3.817757631080999e-7,0.00201921201107874,6.208158399519254,215342_s_at,9910,RAB GTPase activating protein 1 like,RABGAP1L
-0.7192015964659877,6.96364597713089,-5.612349342211495,7.429496277795933e-7,0.002619640387550846,5.614334330915121,238121_at,256356,glycerol kinase 5 (putative),GK5
0.7503010036445232,9.549382101801548,5.425949417472933,1.4561763678657889e-6,0.00431517017430943,5.0137434422846425,211074_at,2348,folate receptor 1,FOLR1
-0.7074876500744693,7.287613474781762,-5.389890251022966,1.65766551971349e-6,0.00431517017430943,4.898047251421923,213069_at,57493,heart development protein with EGF like domains 1,HEG1
-0.7772857672342335,6.806981436238689,-5.361462126814821,1.835721855208209e-6,0.00431517017430943,4.8069571071383645,221268_s_at,81537,sphingosine-1-phosphate phosphatase 1,SGPP1
-0.8654520320219525,10.013920451926005,-5.314711797922507,2.1704642048214144e-6,0.004591834071720184,4.657400746318514,214470_at,3820,killer cell lectin like receptor B1,KLRB1
0.8332733873058631,7.94020003383382,5.157109073120313,3.8071488333250264e-6,0.006957193810415177,4.155615286740366,244889_at,400499,vitellogenin,LOC400499
0.5496368746193898,11.050436127386622,5.126487511317578,4.244159530842849e-6,0.006957193810415177,4.0585803737044355,221943_x_at,6169,ribosomal protein L38,RPL38
-0.7721769867213482,5.783695583495044,-5.122219032698362,4.308874932502886e-6,0.006957193810415177,4.045066804345453,242918_at,4678,nuclear autoantigenic sperm protein,NASP
-0.5053909345555319,11.792792327954679,-5.099561206251809,4.669011000559281e-6,0.006957193810415177,3.973386765110746,213737_x_at,643699,golgin A8 family member N,GOLGA8N
0.6273958483720223,3.041772276185579,5.084032823809891,4.932780636993177e-6,0.006957193810415177,3.924312832614598,237444_at,63971,kinesin family member 13A,KIF13A
-0.5146569034679978,6.4799632589592076,-5.025087400905201,6.0743815139558665e-6,0.007850566829804067,3.738420749616612,215203_at,2803,golgin A4,GOLGA4
-0.5533884762540016,5.862311069742612,-4.947051906845892,7.993166872439501e-6,0.009394635464073892,3.4933195139716737,226157_at,7029,transcription factor Dp-2,TFDP2
-0.6197687949980555,8.321192650410262,-4.919481673186375,8.804503581266658e-6,0.009803583040277758,3.4070070607602823,227884_at,8148,TATA-box binding protein associated factor 15,TAF15
-0.7022726396582506,4.837871269748058,-4.886052211625889,9.897311304750085e-6,0.009970834188728229,3.3025567071622444,242851_at,91749,major facilitator superfamily domain containing 4B,MFSD4B
-0.7647375486303423,5.178005357217287,-4.863936641363044,1.0692357066834613e-5,0.010016023036125268,3.2335828597072975,204790_at,4092,SMAD family member 7,SMAD7
-0.9751413451424806,9.944032812767594,-4.846515554713679,1.1362476501560146e-5,0.010016023036125268,3.179322216042305,220646_s_at,51348,killer cell lectin like receptor F1,KLRF1
-0.5793382501017339,4.916269211670786,-4.743455045931964,1.6256363641082044e-5,0.011541953075386309,2.859670353021258,1556950_s_at,5269,serpin family B member 6,SERPINB6
0.5684113373937816,5.319318074190263,4.734996132911905,1.6739472977848463e-5,0.011541953075386309,2.833539697177601,1554360_at,9873,FCH and double SH3 domains 2,FCHSD2
-0.8993478228799745,10.310869788379012,-4.732024856077236,1.6912485599214197e-5,0.011541953075386309,2.824364946147048,210164_at,3002,granzyme B,GZMB
-0.7667762716509228,3.058605794124452,-4.697557546282831,1.905201794755535e-5,0.012595765365577532,2.7180860738938133,222162_s_at,9510,ADAM metallopeptidase with thrombospondin type 1 motif 1,ADAMTS1
-0.6789846799528427,3.7010120644755227,-4.659777713471521,2.1701944111539792e-5,0.013503715577168701,2.6019154929591544,202932_at,7525,"YES proto-oncogene 1, Src family tyrosine kinase",YES1
-0.8482891114875599,4.927784344838979,-4.614654447135622,2.5342091369643045e-5,0.01449019689232887,2.463618045148582,234165_at,5729,prostaglandin D2 receptor,PTGDR
-0.5120961645753814,5.474545113109087,-4.5930587394661675,2.7289234738810657e-5,0.01519292237195469,2.3976086495827573,231252_at,151050,KAT8 regulatory NSL complex subunit 1 like,KANSL1L
-0.6866972516615233,5.313931580406987,-4.566815215034198,2.9852942200222663e-5,0.01594862049716342,2.3175518345219164,242163_at,9967,thyroid hormone receptor associated protein 3,THRAP3
0.755792719999949,8.204249072309203,4.563876028967003,3.0154321227384044e-5,0.01594862049716342,2.308596731383922,224321_at,23671,transmembrane protein with EGF like and two follistatin like domains 2,TMEFF2
-0.8017864522168381,7.021149450237438,-4.555706302016214,3.100773005001319e-5,0.015999988705806805,2.283716954755805,204160_s_at,22875,ectonucleotide pyrophosphatase/phosphodiesterase 4 (putative),ENPP4
-0.5435467661147984,6.221365043584129,-4.481345155601379,3.994165134641611e-5,0.019204672179199526,2.0580677212030256,206267_s_at,4145,megakaryocyte-associated tyrosine kinase,MATK
-0.5001073587095952,9.212666372783392,-4.471540874213493,4.129272457934547e-5,0.01941308624890295,2.028427289284598,214753_at,10443,NEDD4 binding protein 2 like 2,N4BP2L2
-1.268902191557384,6.767331988668456,-4.460794784666497,4.282479953071917e-5,0.01969568388851945,1.9959697907579095,207795_s_at,3824,killer cell lectin like receptor D1,KLRD1
-0.7813248524394485,5.273582101877336,-4.436774753201713,4.6452496783095226e-5,0.02057844860128485,1.9235350029183538,239651_at,51433,anaphase promoting complex subunit 5,ANAPC5
-0.7764846044024933,6.062545406992019,-4.429305759898512,4.764037141511159e-5,0.02057844860128485,1.9010442796615203,223275_at,55170,protein arginine methyltransferase 6,PRMT6
-0.5353579644339908,7.195423752415627,-4.429169486499179,4.7662317142321694e-5,0.02057844860128485,1.90063407687789,1554287_at,89122,tripartite motif containing 4,TRIM4
-0.803244136567768,5.460201854286426,-4.41293354372652,5.034872623624274e-5,0.02088583631870493,1.851798980585027,214132_at,509,"ATP synthase, H+ transporting, mitochondrial F1 complex, gamma polypeptide 1",ATP5C1
-0.8999301207282615,8.194770122969246,-4.385718713102273,5.518607871969509e-5,0.021238568529159372,1.7701092719505773,215894_at,5729,prostaglandin D2 receptor,PTGDR
-0.6364381673150143,6.599792970564163,-4.376832099675824,5.686152520493739e-5,0.021238568529159372,1.7434807606666167,228108_at,151742,"protein phosphatase, Mg2+/Mn2+ dependent 1L",PPM1L
-0.5743799250681558,10.271829551972072,-4.373309710839887,5.7539240489824024e-5,0.021238568529159372,1.73293234211798,205291_at,3560,interleukin 2 receptor subunit beta,IL2RB
-0.5616801052303231,7.138227264195883,-4.361515099683528,5.986629383542519e-5,0.021238568529159372,1.6976375757770086,226348_at,170384,fucosyltransferase 11,FUT11
-0.7460395887857496,7.448027128299011,-4.355202127888583,6.114921267593373e-5,0.021238568529159372,1.6787630400035445,244523_at,23531,monocyte to macrophage differentiation associated,MMD
-0.7870890021764199,6.27404336667521,-4.351650067613967,6.188278354669845e-5,0.021238568529159372,1.668148226507813,202933_s_at,7525,"YES proto-oncogene 1, Src family tyrosine kinase",YES1
0.878188040208137,10.153628307646983,4.3499257223472485,6.224197621515792e-5,0.021238568529159372,1.662996611005628,244313_at,1378,complement C3b/C4b receptor 1 (Knops blood group),CR1
-0.5555841995315056,8.299589567384821,-4.309851374759895,7.118496754214828e-5,0.02353108083315139,1.5435200372385047,225974_at,169200,transmembrane protein 64,TMEM64
-0.712809897995375,5.4905187808100875,-4.276454297726757,7.958193764415132e-5,0.02538446039024619,1.4443205518253697,1559044_at,51013,exosome component 1,EXOSC1
-0.6336014762078435,6.9764173618722936,-4.269436725155719,8.146496814606876e-5,0.02538446039024619,1.4235196233166674,230179_at,285812,uncharacterized LOC285812,LOC285812
-0.6929440065520982,4.534449860315481,-4.2667483330398674,8.219775684783442e-5,0.02538446039024619,1.4155549320284075,240926_at,84859,leucine rich repeats and calponin homology domain containing 3,LRCH3
-0.7584256050979112,7.120555015049117,-4.2598767958208565,8.40999928262687e-5,0.025417420689036296,1.3952073284641795,1553681_a_at,5551,perforin 1,PRF1
-0.8348418653444005,5.453807532966346,-4.233207129476444,9.189625492721726e-5,0.02738249534141139,1.3163740576805658,240452_at,2935,G1 to S phase transition 1,GSPT1
-0.9570024276621325,8.151646027004782,-4.217459776598624,9.682450431911568e-5,0.027407894898932077,1.269931306214649,210606_x_at,3824,killer cell lectin like receptor D1,KLRD1
-0.5024997947142502,10.315210618396074,-4.208462078019223,9.975458060208782e-5,0.027407894898932077,1.2434302876103152,202206_at,10123,ADP ribosylation factor like GTPase 4C,ARL4C
-0.5633382456590832,7.465655943757984,-4.187453439628983,1.069349281728271e-4,0.028278941755304127,1.181654326984427,213517_at,5094,poly(rC) binding protein 2,PCBP2
-0.617442825650663,8.67702239114211,-4.174246266172045,1.1170292580937711e-4,0.028819354858819295,1.142891589820155,235060_at,100190986,uncharacterized LOC100190986,LOC100190986
-0.6805591056623204,10.884774974495242,-4.161947283905347,1.1632802163406112e-4,0.029298043162978536,1.106845482589235,214617_at,5551,perforin 1,PRF1
-0.5820288971747303,8.108711889406687,-4.1531133447820405,1.1976409040375188e-4,0.029406372174265484,1.0809854042545934,202979_s_at,58487,CREB/ATF bZIP transcription factor,CREBZF
-0.769336279720827,9.687365136127315,-4.150176437254155,1.2092807615622505e-4,0.029406372174265484,1.072393725874857,213906_at,4603,MYB proto-oncogene like 1,MYBL1
-0.6813548793686293,4.262654836934999,-4.143073758445987,1.23788590188651e-4,0.029425521505967417,1.0516272151178283,208054_at,26091,HECT and RLD domain containing E3 ubiquitin protein ligase 4,HERC4
0.5462565131007384,8.199692377358204,4.132194685255516,1.2829754424809484e-4,0.029661276525641624,1.019851896336113,210142_x_at,10211,flotillin 1,FLOT1
-0.5212889381621402,7.274013926556112,-4.130565212698816,1.289864549233801e-4,0.029661276525641624,1.0150959680502316,212057_at,23199,Gse1 coiled-coil protein,GSE1
-0.7971622920847072,3.473596156762077,-4.11354628451562,1.363993098469599e-4,0.030375408411813513,0.9654760860628668,202976_s_at,22836,Rho related BTB domain containing 3,RHOBTB3
-0.8190092704729164,6.136720873035021,-4.042201923438505,1.7221753391760732e-4,0.03571994262314608,0.7585391507708605,227900_at,868,Cbl proto-oncogene B,CBLB
1.24676866297402,7.860789899348515,4.023228253583358,1.8318038427228274e-4,0.035955686500880484,0.7038025175793496,226817_at,1824,desmocollin 2,DSC2
0.6471440886580604,6.179767884997508,4.016621433831214,1.871537777189102e-4,0.035955686500880484,0.6847724940717033,223750_s_at,81793,toll like receptor 10,TLR10
0.9033978027992156,7.002809654461757,4.016295871754184,1.8735171141360694e-4,0.035955686500880484,0.6838351578329318,206130_s_at,433,asialoglycoprotein receptor 2,ASGR2
-0.5750944584578641,3.046250921104368,-4.010255964464937,1.9106072467308297e-4,0.035955686500880484,0.6664522952851346,225589_at,57630,SH3 domain containing ring finger 1,SH3RF1
-0.6967248874354777,8.599643723155994,-4.004212053505913,1.948431668686281e-4,0.03600947069081638,0.6490709099085707,203989_x_at,2149,coagulation factor II thrombin receptor,F2R
-0.6363630352737788,4.838892981925625,-3.987997579103105,2.0535142260453147e-4,0.03600947069081638,0.6025050601272559,226837_at,161742,sprouty related EVH1 domain containing 1,SPRED1
-0.572531783819227,6.926675714562159,-3.986095375251932,2.0661949207497827e-4,0.03600947069081638,0.5970483696213584,1558028_x_at,647979,non-coding RNA activated by DNA damage,NORAD
-0.5221964363713028,9.404048908239877,-3.9684088626350906,2.1877757735149167e-4,0.03702766741158526,0.5463751921481874,219449_s_at,54968,transmembrane protein 70,TMEM70
-0.6140116437089969,5.1207843045050305,-3.9563058851303268,2.2749235026031376e-4,0.03766276550425746,0.5117647789347703,1555858_at,440944,THUMPD3 antisense RNA 1,THUMPD3-AS1
-0.7114550760260299,5.728643889845515,-3.9424955164804985,2.3784586130547584e-4,0.038706669552143434,0.4723373277200098,219534_x_at,1028,cyclin dependent kinase inhibitor 1C,CDKN1C
-0.7534330802285467,8.401888238477946,-3.9297920761759797,2.4776978268522247e-4,0.038911965739565846,0.4361321383492376,204731_at,7049,transforming growth factor beta receptor 3,TGFBR3
-0.6369917976251438,6.48437927555768,-3.9296465058709593,2.4788578407926694e-4,0.038911965739565846,0.43571760484822786,228392_at,55900,zinc finger protein 302,ZNF302
-0.5164610485832171,7.827675046515118,-3.925957593728524,2.5084292795114494e-4,0.038911965739565846,0.4252154945824369,203921_at,9435,carbohydrate sulfotransferase 2,CHST2
0.5081690500002214,3.616259463939854,3.9115063233911935,2.6275851718422164e-4,0.0390737604933007,0.38412241818167914,206237_s_at,3084,neuregulin 1,NRG1
-0.5039750165766965,3.123934267768823,-3.8962730484616324,2.759090058814668e-4,0.0390737604933007,0.34089034691825315,215286_s_at,57157,putative homeodomain transcription factor 2,PHTF2
-0.5270777716225918,8.228611636921013,-3.8956048131357255,2.7650016139107043e-4,0.0390737604933007,0.3389958935412567,209682_at,868,Cbl proto-oncogene B,CBLB
-0.7997030022914657,7.977939827378213,-3.8949954764134116,2.7704027576078204e-4,0.0390737604933007,0.3372685651895875,220684_at,30009,T-box 21,TBX21
-0.6221195971746338,7.139591936243451,-3.878137012121078,2.9239316024148176e-4,0.03988137803969354,0.28953447820705325,235926_at,51433,anaphase promoting complex subunit 5,ANAPC5
-0.6301950668838883,7.020262759770863,-3.874166920557467,2.961261512188342e-4,0.03988137803969354,0.2783090292457606,232521_at,9159,proprotein convertase subtilisin/kexin type 7,PCSK7
1.1177392672509052,6.5048864574557665,3.8738397029954355,2.9643586573476253e-4,0.03988137803969354,0.2773840884533634,230585_at,3772,potassium voltage-gated channel subfamily J member 15,KCNJ15
0.9146421738637853,7.210534914415842,3.8551139747982166,3.1468908777507307e-4,0.03988137803969354,0.2245206496533001,210166_at,7100,toll like receptor 5,TLR5
-0.5915228832162018,9.42155284181242,-3.85208094590942,3.177455949440469e-4,0.03988137803969354,0.21597097164551826,228708_at,5874,"RAB27B, member RAS oncogene family",RAB27B
-0.5537042193816557,7.391298166310078,-3.8517537189345017,3.180770573465216e-4,0.03988137803969354,0.2150487772313383,1556277_a_at,167153,"poly(A) RNA polymerase D4, non-canonical",PAPD4
-0.5125662022863606,3.504950943026121,-3.851090651620056,3.1874972762161477e-4,0.03988137803969354,0.2131802408091561,203017_s_at,117178,SSX family member 2 interacting protein,SSX2IP
-0.9810898717927996,4.437508656921109,-3.847560868788198,3.2235373628226486e-4,0.03988137803969354,0.20323610235798473,227803_at,59084,ectonucleotide pyrophosphatase/phosphodiesterase 5 (putative),ENPP5
-0.5703569210691626,7.92151033046754,-3.8352984723244057,3.3518120560527704e-4,0.04045928452248608,0.1687278482771628,231235_at,4820,natural killer cell triggering receptor,NKTR
-0.7017340776387755,10.766822381387522,-3.8180709041641396,3.540349734095176e-4,0.041283082477210645,0.12034572726320825,203414_at,23531,monocyte to macrophage differentiation associated,MMD
-0.5030152320156365,5.419705402535941,-3.815723906424454,3.5668113571345265e-4,0.041283082477210645,0.11376337749769316,229614_at,162967,zinc finger protein 320,ZNF320
-0.6424928667226002,5.11788864531622,-3.8097759206305293,3.634727301581291e-4,0.04134209182379236,0.09709145136583519,214163_at,51668,heat shock protein family B (small) member 11,HSPB11
-0.9223916980740219,5.030173464460448,-3.7956180817666945,3.8014235222501866e-4,0.042021765007767525,0.0574638191618666,230097_at,2618,"phosphoribosylglycinamide formyltransferase, phosphoribosylglycinamide synthetase, phosphoribosylaminoimidazole synthetase",GART
0.7206949910305767,7.758573734344952,3.7949582654216143,3.809368807627726e-4,0.042021765007767525,0.055618934910342865,203233_at,3566,interleukin 4 receptor,IL4R
-0.6625259500804486,10.20598227272436,-3.7946024614802822,3.813659898606242e-4,0.042021765007767525,0.05462415840157231,226682_at,6095,RAR related orphan receptor A,RORA
-0.8347884165656705,8.632899677264223,-3.7831519156852367,3.954263216965801e-4,0.04283630741629333,0.022636949350082425,235885_at,64805,purinergic receptor P2Y12,P2RY12
-0.5495650612198588,12.94322647005882,-3.7831173189900524,3.9546954880271813e-4,0.04283630741629333,0.022540382265785475,1553575_at,4541,"NADH dehydrogenase, subunit 6 (complex I)",ND6
-0.5082969592152735,3.7125257482984324,-3.7777551075792832,4.0222456269017453e-4,0.042886536350061184,0.0075790330188381105,244611_at,9969,mediator complex subunit 13,MED13
-0.5956941591751086,4.8197008760963715,-3.7770447083964167,4.0312775470258523e-4,0.042886536350061184,0.005597778147257593,238681_at,284161,glycerophosphodiester phosphodiesterase domain containing 1,GDPD1
-0.5720805687431714,4.220398956922912,-3.769191136858945,4.1324336519035527e-4,0.04318202519956902,-0.016291826425820055,238886_at,10972,transmembrane p24 trafficking protein 10,TMED10
0.6180984239948817,9.075054571510051,3.7654389226490292,4.181619382442627e-4,0.043365852772037354,-0.026741320818110204,229770_at,144423,glycosyltransferase 1 domain containing 1,GLT1D1
1.0020906663620348,12.263455736630398,3.7573264158542656,4.2898903785070197e-4,0.043843923114828265,-0.049314362447344884,205863_at,6283,S100 calcium binding protein A12,S100A12
-0.8448105353115167,6.697866727164048,-3.7478607958050687,4.4196229384675347e-4,0.044136867953276815,-0.07561883009413872,235852_at,85439,stonin 2,STON2
-0.7620291107676653,9.711462981416416,-3.7424618485299654,4.495296668926926e-4,0.044136867953276815,-0.09060595452583886,217143_s_at,10730,YME1 like 1 ATPase,YME1L1
-0.6039225418736498,4.758640337551024,-3.7363959819160284,4.5818012423261154e-4,0.044136867953276815,-0.10743025740790912,209457_at,1847,dual specificity phosphatase 5,DUSP5
-0.687147611567795,9.105850123429255,-3.7357696552972475,4.5908236285114673e-4,0.044136867953276815,-0.1091665842643188,226625_at,7049,transforming growth factor beta receptor 3,TGFBR3
-0.9853567566419068,6.628502090601673,-3.735699092139348,4.591841175493179e-4,0.044136867953276815,-0.10936219214497012,1555878_at,6229,ribosomal protein S24,RPS24
0.5450514978553258,5.856608550656863,3.723477814062532,4.7713785435869125e-4,0.044425377068589,-0.1432100434413046,223393_s_at,57616,teashirt zinc finger homeobox 3,TSHZ3
-1.0857937239140076,6.657864484704749,-3.718784256285053,4.842103032006346e-4,0.044425377068589,-0.15619297044038571,209160_at,8644,aldo-keto reductase family 1 member C3,AKR1C3
-0.6316344209583504,3.9793280712498804,-3.7037925821487816,5.074799329923719e-4,0.044425377068589,-0.19760088883148974,227394_at,4684,neural cell adhesion molecule 1,NCAM1
-0.5087474740678433,7.22201692170562,-3.701965533125794,5.103880382984264e-4,0.044425377068589,-0.2026409578885655,238524_at,79961,DENN domain containing 2D,DENND2D
-0.5444413091280449,6.273417583262205,-3.7007233293805104,5.123743621070012e-4,0.044425377068589,-0.20606689152653868,204426_at,10959,transmembrane p24 trafficking protein 2,TMED2
1.2440254321822053,6.887138709570913,3.696285385642021,5.195314659658354e-4,0.04483939199190605,-0.21830127915538977,203021_at,6590,secretory leukocyte peptidase inhibitor,SLPI
-0.8153137268354316,7.593360797793712,-3.692845007158775,5.251456084658029e-4,0.044979678108107386,-0.22777997634498348,207796_x_at,3824,killer cell lectin like receptor D1,KLRD1
-0.6314114980075054,5.330258008571378,-3.670082943198708,5.637806284776358e-4,0.04661493279730863,-0.29036792484115903,238295_at,79736,"transcription elongation factor, mitochondrial",TEFM
-0.5802328201361062,6.762283939517063,-3.6581018093843864,5.851955141123997e-4,0.047434468569202796,-0.32322453622667613,1569320_at,60313,GC-rich promoter binding protein 1 like 1,GPBP1L1
0.5032355324448865,9.400077529277091,3.6556240227074834,5.897204069972293e-4,0.04761879744440223,-0.33001195651715154,214370_at,6279,S100 calcium binding protein A8,S100A8
-0.6528622188822188,7.333978814286055,-3.646753156569247,6.061963520498714e-4,0.04790240936660079,-0.35429064407799427,209815_at,5727,patched 1,PTCH1
-0.7752812659226915,7.757111254077376,-3.6461500221919483,6.073324078199742e-4,0.04790240936660079,-0.35594014976274835,232914_s_at,54843,synaptotagmin like 2,SYTL2
-0.7033089259149206,5.454803564204068,-3.6401672736242108,6.187123064687283e-4,0.048300655186909285,-0.3722939148770674,1564276_at,441108,chromosome 5 open reading frame 56,C5orf56
-0.5687404170743662,7.895413055897128,-3.6383323660989437,6.222432027955114e-4,0.048397710288021464,-0.3773065525082391,221978_at,3134,"major histocompatibility complex, class I, F",HLA-F
-0.5018250611730499,7.5784325292148065,-3.608216545212953,6.830227093788586e-4,0.05071736697382011,-0.4593712380999788,225971_at,80821,DDHD domain containing 1,DDHD1
-0.7229471874276001,5.085857312162115,-3.6036216373134713,6.927810789404061e-4,0.051238527765013954,-0.47185783130620784,241755_at,7385,ubiquinol-cytochrome c reductase core protein II,UQCRC2
-0.6020954837058126,8.215583141162005,-3.6025405501702905,6.950963068897242e-4,0.051238527765013954,-0.4747943391236582,210479_s_at,6095,RAR related orphan receptor A,RORA
-0.6498398696081065,11.541577755967138,-3.594384157400853,7.128036705415878e-4,0.05218018842206862,-0.4969328099138428,205488_at,3001,granzyme A,GZMA
-0.6258244275404303,6.4569641721559545,-3.587473987145265,7.281419324334219e-4,0.05245036251702483,-0.5156660517420386,230230_at,5775,"protein tyrosine phosphatase, non-receptor type 4",PTPN4
-0.7718001731493231,8.432057021751675,-3.585339310843452,7.329435872950391e-4,0.05245036251702483,-0.5214488727475546,212070_at,9289,adhesion G protein-coupled receptor G1,ADGRG1
-0.912848625256852,8.004314296824013,-3.5849103863645313,7.33912034460296e-4,0.05245036251702483,-0.5226105853108329,1553177_at,117157,SH2 domain containing 1B,SH2D1B
0.6804015805341477,8.145860008997325,3.582729434496122,7.388552308824582e-4,0.05245036251702483,-0.528516298629504,218660_at,8291,dysferlin,DYSF
-0.5860727325034905,6.194795648437665,-3.582421382132222,7.395559987111008e-4,0.05245036251702483,-0.5293502936102676,228393_s_at,55900,zinc finger protein 302,ZNF302
-0.5253708471712617,6.195946326471685,-3.550242792407694,8.163576340549679e-4,0.05619853526755755,-0.6162378813056515,235333_at,9331,"beta-1,4-galactosyltransferase 6",B4GALT6
0.6002395013763238,14.193849375264133,3.547472064855954,8.233151501714839e-4,0.05630002724898312,-0.6236978918537268,203535_at,6280,S100 calcium binding protein A9,S100A9
-0.5750939261372423,7.426124174218362,-3.538849861687648,8.453298630083274e-4,0.05667052440504667,-0.6468907663092658,235919_at,84131,centrosomal protein 78,CEP78
-0.5779190453314467,4.447835225739142,-3.5291611536818284,8.707372548474795e-4,0.05667052440504667,-0.6729128163434313,1569189_at,283237,tetratricopeptide repeat domain 9C,TTC9C
-0.7209449447244154,9.983919013128668,-3.5287684685693734,8.717822203181684e-4,0.05667052440504667,-0.6739666083291747,213915_at,4818,natural killer cell granule protein 7,NKG7
-0.54452985679018,3.344317526697561,-3.5199561894585836,8.955492235205757e-4,0.057135183628567815,-0.6975966270332927,213182_x_at,1028,cyclin dependent kinase inhibitor 1C,CDKN1C
-0.645316795647215,3.966904377360223,-3.5048173584612865,9.378272919504842e-4,0.05852706250296296,-0.7381095077426858,203820_s_at,10643,insulin like growth factor 2 mRNA binding protein 3,IGF2BP3
0.5934706537624468,8.68402989839861,3.499539286663626,9.530092772199966e-4,0.059299600790783086,-0.7522097173207847,212657_s_at,3557,interleukin 1 receptor antagonist,IL1RN
-0.5620917116709574,6.167510105967979,-3.4906025030441676,9.792503232185648e-4,0.06022389487794174,-0.776055192509034,243318_at,50717,DDB1 and CUL4 associated factor 8,DCAF8
-0.7186883178770236,7.257476233990617,-3.4790558940339804,0.0010141742609073492,0.06108200897734116,-0.8068103494828893,219159_s_at,57823,SLAM family member 7,SLAMF7
-0.632848580757992,5.918113454715602,-3.477567339713833,0.0010187618782820588,0.06108200897734116,-0.8107707717375252,218793_s_at,6322,sex comb on midleg-like 1 (Drosophila),SCML1
-0.5512598328189009,7.312685035998285,-3.4748134009335794,0.0010273014339632412,0.06108200897734116,-0.8180951743459524,231956_at,57674,ring finger protein 213,RNF213
0.6371481612817389,7.164514654363565,3.4638275076378093,0.001062049663047935,0.06168570904737309,-0.8472786643443442,217473_x_at,6556,solute carrier family 11 member 1,SLC11A1
-0.706714843387326,5.961005141771881,-3.4549688583865423,0.001090880782274183,0.061961639910995785,-0.8707706901590937,213703_at,150759,long intergenic non-protein coding RNA 342,LINC00342
-0.621936059478946,5.591562807064103,-3.4548630474705586,0.0010912296082627047,0.061961639910995785,-0.8710510680367411,232338_at,170959,zinc finger protein 431,ZNF431
0.7262276399701397,7.022926574087582,3.4544956986907422,0.0010924414675175566,0.061961639910995785,-0.8720244289682562,207601_at,27284,sulfotransferase family 1B member 1,SULT1B1
-0.7352794292054989,5.4116089679297605,-3.4519273988916126,0.0011009499375660475,0.0622772643827468,-0.8788278841126997,214308_s_at,3081,"homogentisate 1,2-dioxygenase",HGD
-0.7814065151613239,9.654557997616573,-3.443291213367954,0.0011300250952690294,0.0625805705088139,-0.9016827794601783,238581_at,115362,guanylate binding protein 5,GBP5
0.704655793908544,6.346722843518622,3.437739639526203,0.0011490992129893182,0.0625805705088139,-0.9163562010433175,226121_at,147015,dehydrogenase/reductase 13,DHRS13
-0.5171487008414672,8.415894734237469,-3.4373309468304694,0.0011505154267317506,0.0625805705088139,-0.9174358530121491,1557236_at,80830,apolipoprotein L6,APOL6
-0.6477415280630217,5.670271161873748,-3.4317884685679005,0.0011698859039377765,0.0625805705088139,-0.9320698307179436,216748_at,149628,pyrin and HIN domain family member 1,PYHIN1
-0.6075790046562384,4.982232079846353,-3.4315724390583937,0.0011706471473976255,0.0625805705088139,-0.9326399294105769,1559490_at,84859,leucine rich repeats and calponin homology domain containing 3,LRCH3
-0.5035848415139297,7.710228255300133,-3.4281656588942377,0.001182714347001502,0.0625805705088139,-0.9416274838186478,228084_at,81579,phospholipase A2 group XIIA,PLA2G12A
0.851843061953609,6.604614363570698,3.4273429256850423,0.0011856462263006545,0.0625805705088139,-0.9437971522942634,226064_s_at,84649,diacylglycerol O-acyltransferase 2,DGAT2
-0.5592206830541091,6.810069718212419,-3.4268879469356315,0.0011872705450591936,0.0625805705088139,-0.9449968619551541,204161_s_at,22875,ectonucleotide pyrophosphatase/phosphodiesterase 4 (putative),ENPP4
0.553133535285065,5.589858109756732,3.4249908869119254,0.001194066046265961,0.0625805705088139,-0.9499980742903125,33323_r_at,2810,stratifin,SFN
-0.517584400658798,8.406162956019466,-3.424885604981984,0.0011944442591124245,0.0625805705088139,-0.9502755792171484,206170_at,154,adrenoceptor beta 2,ADRB2
0.657805820538834,6.342975593833809,3.411554579437623,0.0012432647459827443,0.06415246089270961,-0.9853717570321106,229521_at,168455,coiled-coil domain containing 71-like,CCDC71L
-0.5340438244014347,9.516585932160977,-3.4097901372656305,0.0012498666606500352,0.06433620212338721,-0.9900106761554923,218711_s_at,8436,serum deprivation response,SDPR
-0.7565907536120839,8.34770205386092,-3.400293308945035,0.0012859758714242947,0.06564300574395533,-1.0149536423306706,228376_at,2681,"glycoprotein, alpha-galactosyltransferase 1 pseudogene",GGTA1P
0.9008969172411874,8.863006934154177,3.3982037500958575,0.0012940526959680449,0.06565554312614913,-1.0204360362948774,202912_at,133,adrenomedullin,ADM
1.1251173892580963,6.797148596795057,3.3976915431288846,0.0012960398765227007,0.06565554312614913,-1.0217796021454566,204750_s_at,1824,desmocollin 2,DSC2
-0.628706200756354,7.0870338231337655,-3.3935612067817007,0.0013121702694530906,0.0659966790899506,-1.0326093008243067,202742_s_at,5567,protein kinase cAMP-activated catalytic subunit beta,PRKACB
-0.6054892875313316,5.036500199842659,-3.391611779907237,0.001319849455834704,0.0659966790899506,-1.0377178613128182,228295_at,79726,WD repeat domain 59,WDR59
-0.5248393148365968,5.21121803157467,-3.383947968310006,0.0013504540368651696,0.06655546352028499,-1.0577836823608404,243618_s_at,152485,zinc finger protein 827,ZNF827
-0.667432317998701,6.947885092202502,-3.3809988940420745,0.0013624092230346573,0.06655546352028499,-1.0654976491658372,231929_at,22807,IKAROS family zinc finger 2,IKZF2
-0.7231004420827061,7.698423114438202,-3.3670650251256444,0.0014202655607412876,0.06800250177866901,-1.1018885171022115,206366_x_at,6375,X-C motif chemokine ligand 1,XCL1
-0.6181485749708493,5.933484209868787,-3.365779604798918,0.001425718671567614,0.06800250177866901,-1.1052409355736206,223079_s_at,2744,glutaminase,GLS
-0.6941909445999066,8.17503715598141,-3.3588258921881593,0.0014555639757143672,0.06843091437825145,-1.1233626583016862,213472_at,3187,heterogeneous nuclear ribonucleoprotein H1 (H),HNRNPH1
-0.6571835454479418,5.008527176359895,-3.351814306063568,0.001486256505694454,0.06925824368826403,-1.1416115867415417,236935_at,5775,"protein tyrosine phosphatase, non-receptor type 4",PTPN4
-0.5207839427597403,10.342986601710532,-3.3420171256898326,0.0015301709877497678,0.0699818383461375,-1.167070684098369,208798_x_at,23015,golgin A8 family member A,GOLGA8A
-0.9999796698798038,7.532429285770733,-3.338815292228863,0.0015447872238441205,0.0699818383461375,-1.1753809170724896,213348_at,1028,cyclin dependent kinase inhibitor 1C,CDKN1C
-0.8643860395329357,5.716672796774614,-3.326453848369797,0.001602466509495463,0.07122222998925634,-1.2074177167043114,1556769_a_at,105371967,uncharacterized LOC105371967,LOC105371967
-0.5429981374391462,8.14049389583413,-3.3251565593921084,0.001608636556051757,0.07134126034627254,-1.210775539020747,232489_at,54482,tRNA methyltransferase 13 homolog,TRMT13
-0.5605488401075025,5.43528233552529,-3.323755775892637,0.001615324076892282,0.07134126034627254,-1.2144003158834051,1555594_a_at,4154,muscleblind like splicing regulator 1,MBNL1
0.9339680093178266,9.043327245437565,3.322571393398728,0.00162099899083054,0.07134126034627254,-1.2174643674259293,227697_at,9021,suppressor of cytokine signaling 3,SOCS3
0.8075012314278984,7.318841241841762,3.3181089175872582,0.001642550649799404,0.07157683904619312,-1.229002824322932,206244_at,1378,complement C3b/C4b receptor 1 (Knops blood group),CR1
0.5275285463336603,4.598438407988242,3.3172970317018553,0.0016465007130078326,0.07157683904619312,-1.2311010376138487,206208_at,762,carbonic anhydrase 4,CA4
0.8967795179492919,6.293373772000297,3.313988064969988,0.0016626929587383978,0.07157683904619312,-1.23964928454905,206343_s_at,3084,neuregulin 1,NRG1
-0.5107119602689787,7.57633024651042,-3.3023966906803457,0.0017206107955720674,0.07290393237282576,-1.2695514802091905,210426_x_at,6095,RAR related orphan receptor A,RORA
0.6620292137879371,9.157634171656007,3.3022608404033336,0.0017213007666873142,0.07290393237282576,-1.2699015396923095,217552_x_at,1378,complement C3b/C4b receptor 1 (Knops blood group),CR1
-0.9318486911365209,6.891692053828984,-3.301924836734061,0.0017230084225001363,0.07290393237282576,-1.2707673160207316,210690_at,8302,killer cell lectin like receptor C4,KLRC4
-0.5168694831212894,7.416117589793736,-3.2955927858712686,0.0017554905976328485,0.07374992228389278,-1.2870725977035535,203016_s_at,117178,SSX family member 2 interacting protein,SSX2IP
0.5748973416594172,6.290352936108189,3.279285803997355,0.0018418276231020206,0.07514230865949027,-1.3289722227635412,239464_at,3772,potassium voltage-gated channel subfamily J member 15,KCNJ15
-0.5827994148653346,11.619451745186034,-3.2757346496192397,0.0018611537973895302,0.07514230865949027,-1.3380791203657552,221211_s_at,56911,MAP3K7 C-terminal like,MAP3K7CL
-0.6143840517913297,6.21718503730046,-3.2708537031560807,0.0018880297532487653,0.07572116103102618,-1.3505859848194586,229510_at,84689,membrane spanning 4-domains A14,MS4A14
-0.5442548425966729,7.123345868042399,-3.263636219390963,0.001928443912587552,0.07665757195293595,-1.3690581207147652,206828_at,7294,TXK tyrosine kinase,TXK
-0.5829516397644525,8.507500517587252,-3.2527293022158394,0.001991069796267209,0.07738783085545642,-1.3969232548307504,204103_at,6351,C-C motif chemokine ligand 4,CCL4
-0.5836898913386666,7.597302544854145,-3.250819852880827,0.0020022291143414832,0.07743904779343405,-1.401795385574598,1553106_at,134553,chromosome 5 open reading frame 24,C5orf24
1.0686717155950323,4.815663022886474,3.24984578985652,0.0020079444999435408,0.07746741506530416,-1.4042800867381589,227250_at,83999,kringle containing transmembrane protein 1,KREMEN1
-0.6169325741828864,8.489105092750666,-3.248375480058163,0.0020166008144789876,0.07756946696566812,-1.4080297391980725,213830_at,10730,YME1 like 1 ATPase,YME1L1
-0.5076333314633699,6.3964246180499975,-3.244127591141579,0.0020418081131406704,0.07770116170516582,-1.418856773381127,216867_s_at,5154,platelet derived growth factor subunit A,PDGFA
-0.6913961161548299,7.492115266040638,-3.2426574543380786,0.002050601045138835,0.07770116170516582,-1.4226017398281963,225496_s_at,54843,synaptotagmin like 2,SYTL2
-0.5088009561402451,9.455959900748866,-3.240401007067219,0.0020641664416351947,0.07770116170516582,-1.4283475951473568,240413_at,149628,pyrin and HIN domain family member 1,PYHIN1
-0.6041201402230989,12.234885548043001,-3.2385898353376534,0.0020751161071761526,0.07770116170516582,-1.432957729070366,230690_at,81027,tubulin beta 1 class VI,TUBB1
-0.5688916326604838,4.754718878940312,-3.2307613644638247,0.002123077302677492,0.07893817823452554,-1.452865094912272,232071_at,9801,mitochondrial ribosomal protein L19,MRPL19
-0.6241775923331438,4.279976019770486,-3.225902290994219,0.0021533701495016493,0.07909149111607099,-1.4652057932554028,238635_at,64417,transmembrane protein 267,TMEM267
-0.6962303233746923,9.586184079234473,-3.2185924350678046,0.0021997104001950187,0.07963982633830916,-1.4837481507963588,205495_s_at,10578,granulysin,GNLY
-0.5980529069912821,3.5770800173560855,-3.2174982741413607,0.0022067270869863174,0.07963982633830916,-1.4865212805857322,1564160_at,401124,death domain containing 1,DTHD1
0.5708463718519763,8.42083259136655,3.2155130881459044,0.0022195116622132547,0.07963982633830916,-1.4915511349482795,227438_at,80216,alpha kinase 1,ALPK1
-0.9043741017404079,4.793123750605369,-3.2141852021868633,0.0022281021535262803,0.07963982633830916,-1.4949144677136745,202458_at,11098,"protease, serine 23",PRSS23
-0.5107900459335024,7.231179510678533,-3.2124263394492387,0.0022395289997337578,0.07963982633830916,-1.4993680106226979,215275_at,80342,TRAF3 interacting protein 3,TRAF3IP3
-0.5399373924263715,6.426125278209703,-3.2036561935615517,0.0022973349085582346,0.08100402887576334,-1.5215508805020734,1559882_at,25939,SAM and HD domain containing deoxynucleoside triphosphate triphosphohydrolase 1,SAMHD1
-0.7030904025298472,5.772893329395371,-3.2022478585792196,0.002306747488866559,0.08106606190697033,-1.525109391706577,219529_at,9022,chloride intracellular channel 3,CLIC3
-0.588816039491574,5.3812172670180916,-3.1949303833161187,0.0023562410789151,0.08130218859451917,-1.543582409724678,201890_at,6241,ribonucleotide reductase regulatory subunit M2,RRM2
-0.6845985654553459,10.573848081442323,-3.1893084741434903,0.0023949435921807797,0.08198429626084418,-1.5577562208510258,37145_at,10578,granulysin,GNLY
-0.7193453249506137,4.8463755137076,-3.188757977700304,0.0023987653330243214,0.08198429626084418,-1.5591432413481865,212843_at,4684,neural cell adhesion molecule 1,NCAM1
-0.5055162990437934,7.281096176667672,-3.184385757897793,0.0024293233042096828,0.08212965305359289,-1.5701538426173558,229272_at,23360,formin binding protein 4,FNBP4
0.8304565257983336,7.204648449673086,3.1821208325899373,0.002445296816628215,0.08224594507565425,-1.5758537367319576,203691_at,5266,peptidase inhibitor 3,PI3
-0.5260384110140297,5.386575558571381,-3.181428772179022,0.002450197290472066,0.082279958535281,-1.5775948409991845,52285_f_at,79959,centrosomal protein 76,CEP76
-0.5295466472885426,6.317089759838755,-3.1802550420915923,0.0024585295952705686,0.0824289257013378,-1.5805471755885545,235230_at,257068,phosphatidylinositol specific phospholipase C X domain containing 2,PLCXD2
-0.5983855754465139,5.367965991094897,-3.178402831445144,0.0024717326821920745,0.08247945839819483,-1.585204669510655,225237_s_at,124540,musashi RNA binding protein 2,MSI2
-0.7018222971730124,4.8368305611831985,-3.175132643848264,0.002495206516195523,0.08289173895149574,-1.5934234061980508,211555_s_at,2983,guanylate cyclase 1 soluble subunit beta,GUCY1B3
1.09984166958289,8.435122233988215,3.173219386094008,0.002509037201658631,0.08289173895149574,-1.598229290262121,209369_at,306,annexin A3,ANXA3
-0.5479463070478126,11.372728832732793,-3.1723380071598846,0.0025154328042569607,0.08289173895149574,-1.6004425731296168,1555759_a_at,6352,C-C motif chemokine ligand 5,CCL5
-0.6977054760388297,4.740780833994177,-3.148797057469736,0.0026920363562069585,0.08580947902607089,-1.6594077680633958,1562364_at,387751,"GTPase, very large interferon inducible pseudogene 1",GVINP1
-0.589085654646679,6.889688333307191,-3.1431984225568694,0.002735719340777827,0.0863090660945339,-1.673388492137982,235167_at,100190986,uncharacterized LOC100190986,LOC100190986
-0.5294533034214135,6.698283447194177,-3.1357053661718983,0.002795225988056611,0.08709249043199656,-1.6920741089023918,241751_at,8481,"OFD1, centriole and centriolar satellite protein",OFD1
-0.7515124093149161,9.188333276225883,-3.1328078740576104,0.0028185608529434293,0.08756163495575799,-1.6992917230325633,223836_at,83888,fibroblast growth factor binding protein 2,FGFBP2
-0.7666169085924759,6.834222442337731,-3.130779526837662,0.002835004791153765,0.08771491400860026,-1.7043416721935483,201109_s_at,7057,thrombospondin 1,THBS1
-0.649125201625715,7.304363118091031,-3.1258095815792264,0.002875677968181427,0.08812896327231912,-1.7167060888084213,230464_at,53637,sphingosine-1-phosphate receptor 5,S1PR5
-0.70580201712021,4.139918064115699,-3.1218013774250672,0.00290887875478254,0.08848782736822303,-1.726668327826884,1562367_at,400360,chromosome 15 open reading frame 54,C15orf54
-0.7827538629806607,7.934746762540737,-3.111266683375273,0.0029978630992426414,0.08920223871670509,-1.7528112706674506,224823_at,4638,myosin light chain kinase,MYLK
-0.595617941566621,8.658270482706667,-3.108246879121123,0.0030238378467076356,0.08972273981058448,-1.7602943484127076,216069_at,3275,protein arginine methyltransferase 2,PRMT2
-0.5497842996961912,6.380581882947292,-3.1040618286405426,0.0030601845418678263,0.09042076001083203,-1.7706568733036576,244663_at,170959,zinc finger protein 431,ZNF431
-0.5526707964816202,6.186886439087399,-3.1010587002334633,0.003086518416097334,0.09055306794020533,-1.778087103924265,235175_at,115361,guanylate binding protein 4,GBP4
-0.7097360708561968,4.165036769159435,-3.0970219658952467,0.0031222506425253576,0.09060357437795104,-1.7880670521524706,228643_at,100506233,RAB30 antisense RNA 1 (head to head),RAB30-AS1
-0.5699780051033123,7.149002961195388,-3.095312201157261,0.0031375016805654976,0.09067894201372086,-1.7922914459514407,239014_at,55749,cell division cycle and apoptosis regulator 1,CCAR1
0.6891610030310247,10.865635054547411,3.08601732449535,0.0032216405336967036,0.09152620384777412,-1.81522931211817,205568_at,366,aquaporin 9,AQP9
1.0147315425728536,8.724888491815715,3.0810178732434323,0.0032677662960308063,0.09205441246182122,-1.827547752683813,235568_at,199675,mast cell expressed membrane protein 1,MCEMP1
0.5647577750508725,4.763541386837805,3.0789452869689216,0.0032870691150252516,0.09240552949586832,-1.8326505755436342,214395_x_at,1936,eukaryotic translation elongation factor 1 delta,EEF1D
0.5945790566607414,9.182359878947226,3.073434963259103,0.003338909640553231,0.0926735161263604,-1.8462060391040778,215838_at,353514,leukocyte immunoglobulin like receptor A5,LILRA5
0.5381562442382393,9.897128194858645,3.073076419747816,0.0033423091701840135,0.0926735161263604,-1.8470874928844738,203276_at,4001,lamin B1,LMNB1
0.719365106787226,7.776622533789029,3.067388072224296,0.0033966786884031992,0.09302074612996922,-1.8610625994757966,225612_s_at,84002,"UDP-GlcNAc:betaGal beta-1,3-N-acetylglucosaminyltransferase 5",B3GNT5
0.9528709849409767,6.226618484259197,3.06389574645155,0.0034304675675458415,0.09302074612996922,-1.8696338580117446,230840_at,388588,small integral membrane protein 1 (Vel blood group),SMIM1
-0.5291747161824247,9.030469207311851,-3.0574848441391733,0.0034933144697753206,0.09344511336174383,-1.8853510102046167,240265_at,80342,TRAF3 interacting protein 3,TRAF3IP3
-0.5271741822911435,5.521384872140578,-3.0484161405720345,0.003584057852995258,0.09454404979796469,-1.907545972352029,205018_s_at,10150,muscleblind like splicing regulator 2,MBNL2
0.5645423997761263,9.832565806383448,3.046645216445473,0.0036020334622755552,0.09477042615856683,-1.9118749489465898,207677_s_at,4689,neutrophil cytosolic factor 4,NCF4
-0.5639852873933178,6.55192903285712,-3.0453692249784665,0.0036150375264683036,0.09477042615856683,-1.9149930159912465,219383_at,79899,proline rich 5 like,PRR5L
-0.5132397614639199,7.957098624273029,-3.0404492268593617,0.0036655910306602766,0.09568348242736581,-1.927007413799581,208797_s_at,23015,golgin A8 family member A,GOLGA8A
-0.5395278591078272,6.6203439575231124,-3.0395141351051302,0.0036752736416201907,0.09568348242736581,-1.9292893672844214,201278_at,1601,"DAB2, clathrin adaptor protein",DAB2
-0.7468037195352366,6.473940502584304,-3.038476281689708,0.0036860483162366765,0.09568348242736581,-1.9318215356913306,215339_at,4820,natural killer cell triggering receptor,NKTR
-0.5039641894945142,8.98575677563486,-3.021827330510319,0.0038629793104790412,0.09770706805464209,-1.972361183234986,228195_at,84281,chromosome 2 open reading frame 88,C2orf88
-0.5840174876989934,9.611458200544593,-3.010284237939832,0.00399027283141642,0.09879515837646122,-2.0003787479165474,211597_s_at,84525,HOP homeobox,HOPX
-0.5496977270681942,5.462036354861387,-3.000689875287174,0.00409904548027575,0.09995258013292714,-2.023610301608245,242680_at,552,arginine vasopressin receptor 1A,AVPR1A
-0.5771732081055232,5.715341937517909,-2.9972599294241578,0.00413859815455942,0.10029345081083516,-2.031903109975772,228046_at,152485,zinc finger protein 827,ZNF827
0.8251598372836986,6.917200398887481,2.9933596479244495,0.004184007096287175,0.1004974687898595,-2.041325141912253,218963_s_at,25984,keratin 23,KRT23
0.5568707556511949,8.757066655981777,2.9930380122846105,0.004187772401742257,0.1004974687898595,-2.0421017497949343,227929_at,8825,"lin-7 homolog A, crumbs cell polarity complex component",LIN7A
-0.9110294649365009,3.6391461421166817,-2.9908152284770435,0.004213880486103573,0.1004974687898595,-2.047467217016173,219410_at,55076,transmembrane protein 45A,TMEM45A
-0.6059490808214631,5.6802778148979405,-2.9904913955110457,0.004217696766726834,0.1004974687898595,-2.0482486718480777,238790_at,374443,C-type lectin domain family 2 member D pseudogene,LOC374443
-0.5201521896489893,9.741769980719473,-2.9896377552409503,0.004227772131923566,0.1004974687898595,-2.050308347000299,220940_at,57730,ankyrin repeat domain 36B,ANKRD36B
-0.504282095073644,4.704218440387206,-2.9859791656119454,0.004271208609539994,0.1011713501651704,-2.0591312453831105,232945_at,150962,pseudouridylate synthase 10,PUS10
-0.5738774216550251,9.849481240594168,-2.9856172054415406,0.004275528516382608,0.1011713501651704,-2.0600037275145735,205442_at,9848,microfibrillar associated protein 3 like,MFAP3L
0.5934628852459181,9.026557985097286,2.9848403191947503,0.004284814225183999,0.1011713501651704,-2.0618761160494046,205147_x_at,4689,neutrophil cytosolic factor 4,NCF4
-0.5927989085274881,7.343046036662076,-2.9770748569471097,0.004378669606437944,0.10196641145570956,-2.0805732900016953,235574_at,115361,guanylate binding protein 4,GBP4
-0.5641990546190918,4.519850441957847,-2.976424660434686,0.004386614370929345,0.10198155344107826,-2.082137261719317,206098_at,10773,zinc finger and BTB domain containing 6,ZBTB6
-0.6685523963238253,6.454106411924231,-2.974969971486499,0.004404437925277876,0.10223119896362162,-2.085635489298129,227235_at,2982,guanylate cyclase 1 soluble subunit alpha,GUCY1A3
0.6335775724250796,5.697842301909258,2.956830374558775,0.004632434711280944,0.10454986346822291,-2.129157802303959,203167_at,7077,TIMP metallopeptidase inhibitor 2,TIMP2
-0.6327612043770285,5.870960966705251,-2.942523849379947,0.004819954259681392,0.1063347313330628,-2.1633527124102003,201830_s_at,10276,neuroepithelial cell transforming 1,NET1
-0.5304559589343087,4.47298285086739,-2.9359394348169596,0.004908610333323879,0.10672958744929353,-2.1790516114561553,1554670_at,26088,"golgi associated, gamma adaptin ear containing, ARF binding protein 1",GGA1
0.5545435591088737,8.779592274047584,2.928874588034629,0.005005420438731758,0.10783571772078318,-2.195868608587822,210423_s_at,6556,solute carrier family 11 member 1,SLC11A1
0.5074535100711044,7.074997405067229,2.928286140577998,0.005013563554821915,0.10790127219309506,-2.1972680546758694,210582_s_at,3985,LIM domain kinase 2,LIMK2
-0.5521987309649621,8.34558821219191,-2.926361580900895,0.0050402822964225845,0.10825605305900121,-2.2018436668558574,222838_at,57823,SLAM family member 7,SLAMF7
0.7251288151490431,9.096795701939461,2.9175811457336858,0.005163869376243404,0.10979579952141252,-2.22269222861536,214511_x_at,2210,Fc fragment of IgG receptor Ib,FCGR1B
-0.5273145105588926,5.144437908346168,-2.8968206558011693,0.005467363777042807,0.1126212301936196,-2.2718111701721773,237189_at,100874362,HOXB cluster antisense RNA 1,HOXB-AS1
0.6946199471560046,3.9024488517173967,2.8897340231440793,0.005574696989897454,0.11337208995135661,-2.2885213087861866,228285_at,122402,tudor domain containing 9,TDRD9
0.6229329098980827,11.290502044734312,2.8888412921987894,0.005588355981141557,0.11337208995135661,-2.290624296786103,218454_at,79887,phospholipase B domain containing 1,PLBD1
0.5886151841484075,9.675616479885498,2.8871644231153897,0.005614096441823817,0.1136334187229317,-2.2945732192212542,207890_s_at,64386,matrix metallopeptidase 25,MMP25
-0.5642515293852748,6.127040532396677,-2.8729848429101223,0.0058361956054007605,0.11560913317215214,-2.3279002250590435,207018_s_at,5874,"RAB27B, member RAS oncogene family",RAB27B
0.627789043906362,7.688284601621145,2.8670079243277278,0.005932231919479245,0.1164214271692977,-2.341913157980718,204713_s_at,2153,coagulation factor V,F5
0.58516381842061,6.584804726162903,2.86345367160494,0.005990033413655956,0.11673365916372168,-2.3502362825118572,235816_s_at,266747,ral guanine nucleotide dissociation stimulator like 4,RGL4
-0.6155601264800996,7.623224619405692,-2.8575649531941942,0.00608694911266981,0.11792627786414146,-2.3640099153719425,224358_s_at,58475,membrane spanning 4-domains A7,MS4A7
0.6123654043132767,11.689149843482829,2.844047670184659,0.006314933038049605,0.11981948282778246,-2.3955500533247793,202391_at,10409,brain abundant membrane attached signal protein 1,BASP1
-0.6001288186502194,7.371118266322486,-2.836338607200227,0.006448468408897238,0.12112313290417444,-2.413489823187868,229694_at,55717,WD repeat domain 11,WDR11
-0.5438751923046361,8.88616359888015,-2.8330254209442796,0.006506657663851793,0.12160322397212768,-2.4211892148482086,235567_at,6095,RAR related orphan receptor A,RORA
-0.7452905024467213,4.518706595260598,-2.826273166972689,0.006626753359260042,0.12273635493795947,-2.4368605229161653,215743_at,9397,N-myristoyltransferase 2,NMT2
0.5355962130956868,4.31150793059218,2.8063982798482856,0.006992243748245719,0.1256821654527497,-2.482831837903598,223609_at,83853,rhophilin associated tail protein 1 like,ROPN1L
-0.6127098102190818,7.156535701620329,-2.8024201647819846,0.007067599896076373,0.1263760521274764,-2.4920052325681197,212607_at,10000,AKT serine/threonine kinase 3,AKT3
-0.5981783501088209,5.41571673124815,-2.799696563016878,0.007119623868763508,0.12657375005677377,-2.4982803367726683,209839_at,26052,dynamin 3,DNM3
-0.5330904659505507,10.200644627353388,-2.7918668649463823,0.007271155500433829,0.12797717617901672,-2.5162951418223445,215111_s_at,8848,TSC22 domain family member 1,TSC22D1
0.5423876902730917,5.071747906879501,2.791235065346407,0.007283511855757988,0.12808809378255695,-2.517747211398251,235514_at,151516,"aspartic peptidase, retroviral-like 1",ASPRV1
0.5708021525269213,8.430822865534621,2.789722076623146,0.007313180770330023,0.12833384716505683,-2.521223555654392,204714_s_at,2153,coagulation factor V,F5
0.6886737846063502,7.350848270203732,2.7888720069852413,0.007329899073108735,0.12833384716505683,-2.5231761327941205,202948_at,3554,interleukin 1 receptor type 1,IL1R1
-0.5239390004276618,5.526940651583451,-2.788404818987488,0.0073391022574894795,0.12833384716505683,-2.5242490617706768,232262_at,9487,phosphatidylinositol glycan anchor biosynthesis class L,PIGL
-0.7394753258401598,5.6867330374418605,-2.7883026589077082,0.007341116139282104,0.12833384716505683,-2.5244836619582913,207723_s_at,3823,killer cell lectin like receptor C3,KLRC3
-0.6775437191365503,5.354524654342944,-2.784581832016344,0.007414813149327672,0.1288971133830536,-2.533023909298824,219304_s_at,80310,platelet derived growth factor D,PDGFD
-0.5522240223741735,4.695906841776839,-2.7842231125492103,0.007421954117725704,0.1289153212763588,-2.533846824430863,225328_at,114907,F-box protein 32,FBXO32
0.7236432120274507,6.090481330821732,2.7832716176727246,0.007440926103897774,0.12903297758529614,-2.536029214302371,217207_s_at,10917,butyrophilin like 3,BTNL3
-0.5687031506475484,3.4919842658976554,-2.7786895802162395,0.0075329158236218325,0.12955695589999103,-2.546531182890587,230051_at,254427,proline and serine rich 2,PROSER2
0.5432410580589178,9.917409579906668,2.7715394574030525,0.007678559538374764,0.13047682821862006,-2.5628940181599034,202833_s_at,5265,serpin family A member 1,SERPINA1
0.5852011113385007,12.532989995590395,2.7663364629876996,0.007786167969357257,0.1308667420410791,-2.5747816034371387,201963_at,2180,acyl-CoA synthetase long-chain family member 1,ACSL1
-0.7895882981515028,6.682737403026672,-2.766252316258666,0.007787919655403601,0.1308667420410791,-2.5749737245582645,215101_s_at,6374,C-X-C motif chemokine ligand 5,CXCL5
0.5669043447404203,6.931129048268794,2.7406617361770103,0.008337802834070568,0.1356399679639039,-2.633203000876653,224327_s_at,84649,diacylglycerol O-acyltransferase 2,DGAT2
-0.6354146819371467,6.771476373322293,-2.7395376171335277,0.008362757486917656,0.13575426414784628,-2.635751750638638,212599_at,26053,autism susceptibility candidate 2,AUTS2
-0.5634986757551905,3.9681241118234847,-2.739034375350925,0.008373951347747183,0.13575426414784628,-2.63689251757022,228618_at,375033,platelet endothelial aggregation receptor 1,PEAR1
0.5644583355729647,3.1078508725003706,2.736664998231544,0.0084268400268467155,0.13611313361092392,-2.642261440880899,215783_s_at,249,"alkaline phosphatase, liver/bone/kidney",ALPL
0.6032655561153835,9.068926871324667,2.7343137580483763,0.008479627387082102,0.13614632951892036,-2.6475858928106257,224707_at,84418,cysteine rich transmembrane module containing 1,CYSTM1
-0.5732024577688462,5.028382485713332,-2.7329760582532225,0.008509795435208816,0.1362855656527462,-2.6506136520413195,242088_at,54800,kelch like family member 24,KLHL24
-0.5149129779824806,5.741755161384865,-2.7289938738516084,0.008600187485470936,0.13679986278501755,-2.6596205074934822,219794_at,55275,"VPS53, GARP complex subunit",VPS53
0.8177223990635176,4.085861243310135,2.7273000667135183,0.008638902282131945,0.13679986278501755,-2.663448610585553,206209_s_at,762,carbonic anhydrase 4,CA4
-0.5159616395497615,5.2832595860496046,-2.725353810020556,0.00868358497890654,0.13740458026458247,-2.667845104291852,1562249_at,285965,EPHA1 antisense RNA 1,EPHA1-AS1
0.5175558322321709,6.861476433420669,2.7226751567864205,0.008745429603235298,0.13786858566905924,-2.6738922640941856,205715_at,683,bone marrow stromal cell antigen 1,BST1
0.7747215974820243,9.27671564770074,2.7218833065448433,0.008763789161884056,0.13786858566905924,-2.675679056606787,207275_s_at,2180,acyl-CoA synthetase long-chain family member 1,ACSL1
1.0840377192103894,7.0705574499366035,2.7203395510322927,0.008799683989042451,0.13800305001644336,-2.679161405287655,206371_at,2352,folate receptor 3,FOLR3
0.5058732695528692,6.281168085519885,2.7156650432561134,0.008909199210486886,0.1387432745990484,-2.6896971073618747,219259_at,64218,semaphorin 4A,SEMA4A
-0.500993904552625,5.194305496049897,-2.6858817603741234,0.009636870576405802,0.143043199894983,-2.7565095889431896,1553192_at,126068,zinc finger protein 441,ZNF441
0.7444088016073862,2.8042271779506884,2.684166191172677,0.009680401395417995,0.14311570364882117,-2.7603414545431306,202286_s_at,4070,tumor-associated calcium signal transducer 2,TACSTD2
-0.5196762304930536,6.674528392766157,-2.6826967477500046,0.009717830253799643,0.1434292975696997,-2.76362213066591,201280_s_at,1601,"DAB2, clathrin adaptor protein",DAB2
-0.5763043638976146,7.7355904750163225,-2.6821428817007207,0.009731972412953989,0.1434292975696997,-2.7648583441132106,230833_at,84519,acrosin binding protein,ACRBP
0.5180829237384161,4.869561931652057,2.670289154253201,0.010039197529456756,0.14467659110191225,-2.791269965096016,204150_at,23166,stabilin 1,STAB1
-0.5349304728753967,8.94470622309346,-2.670065419223926,0.010045080780737055,0.14467659110191225,-2.7917676370730335,208601_s_at,81027,tubulin beta 1 class VI,TUBB1
0.5254605595480859,7.3576120012343464,2.655795468752412,0.010426905440781153,0.14745428576548536,-2.823445100917331,1555643_s_at,353514,leukocyte immunoglobulin like receptor A5,LILRA5
-0.6145319954926993,6.5380583657202624,-2.6517283617811214,0.010538136586714028,0.14803772750897873,-2.832450309685201,221092_at,22806,IKAROS family zinc finger 3,IKZF3
-0.5175425953932771,2.7676466708142886,-2.638776006255414,0.01089964073680992,0.14993029871778327,-2.8610598960858895,231578_at,2633,guanylate binding protein 1,GBP1
0.5720313968138697,6.730047236427137,2.6328852239914182,0.011067774252162318,0.15115476089918,-2.874036846208504,231886_at,100134822,uncharacterized LOC100134822,LOC100134822
-0.5460278574822919,6.913900855568658,-2.6284137742746716,0.011196975603014154,0.15164008876020288,-2.8838725502909655,244165_at,54906,family with sequence similarity 208 member B,FAM208B
0.6148717135168891,8.55827668723879,2.6228418085132335,0.01135990327528836,0.1523970283398862,-2.896111405265103,203574_at,4783,"nuclear factor, interleukin 3 regulated",NFIL3
-0.7138931364435797,6.388005593080292,-2.619969877704204,0.011444722901597957,0.1528564126933121,-2.902411972540727,1564139_at,144571,A2M antisense RNA 1 (head to head),A2M-AS1
0.5331321487324319,8.135928644179977,2.6065144027049674,0.011849866948805632,0.15481729142893919,-2.9318617594465066,224918_x_at,4257,microsomal glutathione S-transferase 1,MGST1
0.5780713010581628,8.637499066290792,2.605116185009947,0.011892708879484612,0.15492743168372936,-2.9349154415266043,206111_at,6036,ribonuclease A family member 2,RNASE2
0.6028447075063745,4.947352508724537,2.6008487319063813,0.012024340048331295,0.15551052883074842,-2.9442278119726604,1569095_at,731424,MIR3945 host gene,MIR3945HG
0.568192958009754,6.727957694927811,2.5976959055037145,0.012122441694634287,0.15580946323917558,-2.9511004330611965,212602_at,23001,WD repeat and FYVE domain containing 3,WDFY3
0.7228927989145939,5.658259694125438,2.5957072438582807,0.012184694388231797,0.1561353085871786,-2.955432124899244,206877_at,4084,MAX dimerization protein 1,MXD1
-0.5001924693924162,4.135949468111455,-2.5844303642287443,0.012543245769583515,0.15804937909547875,-2.97994773604548,209993_at,5243,ATP binding cassette subfamily B member 1,ABCB1
-0.5460757813825019,5.247574999412198,-2.5651522668061078,0.013178509968234475,0.16140410407556485,-3.021669596731415,210493_s_at,9848,microfibrillar associated protein 3 like,MFAP3L
0.6748778044885286,6.2727315257521745,2.552700620094589,0.013604231750714678,0.16371508925945374,-3.0484908095478778,205016_at,7039,transforming growth factor alpha,TGFA
0.5286867953785386,8.077988513842765,2.5477204104593953,0.013777975061092415,0.16426180478497993,-3.059190365973001,203814_s_at,4835,NAD(P)H quinone dehydrogenase 2,NQO2
-0.5435664741717599,6.6405857271540905,-2.540217603615961,0.014043530041119932,0.16536207136664732,-3.075279265056666,206414_s_at,8853,"ArfGAP with SH3 domain, ankyrin repeat and PH domain 2",ASAP2
0.6749895123510647,7.023437570688296,2.512979022225549,0.015047109317572234,0.17151758875137832,-3.133382435369344,226364_at,3092,huntingtin interacting protein 1,HIP1
-0.5769917143595205,8.368241153146146,-2.507511531855602,0.015256218271808685,0.17278402235459558,-3.1449870366178807,214525_x_at,27030,mutL homolog 3,MLH3
-0.6306308106252532,6.07136265145285,-2.500784562179468,0.015517105376437157,0.17353852599590255,-3.1592380376718654,233011_at,301,annexin A1,ANXA1
-0.5807539941672344,7.162780689927908,-2.50057382526489,0.015525343064899541,0.17353852599590255,-3.1596840027433544,210288_at,10219,killer cell lectin like receptor G1,KLRG1
-0.518161523019578,6.554844459020725,-2.4988455044356606,0.015593052442279215,0.17371596496517064,-3.163340407253353,207426_s_at,7292,tumor necrosis factor superfamily member 4,TNFSF4
-0.5622148523152752,5.612015810640611,-2.496949242240738,0.015667648452002945,0.17403788726314676,-3.1673498534625275,227461_at,85439,stonin 2,STON2
-0.5198146468082365,5.249072042917153,-2.4967514102009845,0.01567544942572216,0.17403788726314676,-3.167768012630686,1565703_at,4089,SMAD family member 4,SMAD4
0.6494369927644552,5.7803619188648945,2.490474770277077,0.015924783253837574,0.17519745944783555,-3.1810216651825045,1560527_at,58160,"nuclear factor, erythroid 4",NFE4
0.7607576152619009,6.827934868553895,2.4872656992716378,0.016053641242680498,0.17551981091997346,-3.1877878923908938,228648_at,116844,leucine rich alpha-2-glycoprotein 1,LRG1
0.6124044351176998,5.664720308596345,2.484756425953653,0.016155055210069692,0.1758108786132893,-3.1930739003027395,1554036_at,9841,zinc finger and BTB domain containing 24,ZBTB24
0.5064870924933205,7.382854690828834,2.479587206381846,0.016365799823089333,0.1765478111944705,-3.203950258507347,210422_x_at,6556,solute carrier family 11 member 1,SLC11A1
-0.6872558951787102,8.67994604579241,-2.4739603781969866,0.01659802138043223,0.1777170068655664,-3.21576943353883,201110_s_at,7057,thrombospondin 1,THBS1
0.7698905702590197,6.220568723200223,2.467999503386979,0.01684727135828456,0.17883636370088718,-3.2282674731703027,218345_at,55365,transmembrane protein 176A,TMEM176A
-0.6614138295638261,6.755327029174723,-2.464309090549939,0.0170032718805973,0.17920610917943416,-3.235993307963185,212651_at,9886,Rho related BTB domain containing 1,RHOBTB1
-0.6448297077703922,6.0462589467464625,-2.4529356621635827,0.01749227986133517,0.18180799592092006,-3.2597466826954564,204069_at,4211,Meis homeobox 1,MEIS1
-0.536372651469696,6.245393398644546,-2.4503219737939763,0.017606433750369327,0.18196468608833097,-3.2651932311446954,205221_at,3081,"homogentisate 1,2-dioxygenase",HGD
0.5801339600540389,3.0721068277295087,2.448082906312511,0.017704759478936686,0.1821799083348174,-3.269855512050883,204751_x_at,1824,desmocollin 2,DSC2
-0.6537463936038996,6.569386894484195,-2.4457817551087606,0.017806326918548925,0.1826033215166365,-3.2746435909778038,228426_at,29121,C-type lectin domain family 2 member D,CLEC2D
-0.5270068477027596,7.464223140661266,-2.4410209130480958,0.018018127763618337,0.18359760661312285,-3.284538433467205,227088_at,8654,phosphodiesterase 5A,PDE5A
0.7229757556196876,8.17233071607113,2.438065501959513,0.0181507473001892,0.18359760661312285,-3.2906733028595863,205844_at,8876,vanin 1,VNN1
-0.6481048096571271,5.403362819079669,-2.4366278762889335,0.01821557579274816,0.18361664255679583,-3.2936554327215792,212224_at,216,aldehyde dehydrogenase 1 family member A1,ALDH1A1
0.5736960892875187,5.931459377495642,2.4210018971114415,0.01893378119008398,0.18722143940031846,-3.3259799702606534,204393_s_at,55,"acid phosphatase, prostate",ACPP
0.5398965982924624,6.5447724733476935,2.41771964967613,0.019087839046470937,0.187824336217274,-3.332748977769362,220000_at,8778,sialic acid binding Ig like lectin 5,SIGLEC5
0.5770440685959404,7.3620448531470934,2.4139059058275634,0.019268258327260816,0.18892718855700938,-3.3406050122568702,226047_at,10335,murine retrovirus integration site 1 homolog,MRVI1
1.1170079999502764,7.079050608067747,2.4098484103580815,0.019461890271150556,0.18973997722417565,-3.3489524268041584,206177_s_at,383,arginase 1,ARG1
0.6234478503269871,4.530350448010558,2.406454340853018,0.0196252030663279,0.19019537397084285,-3.3559264800128132,206440_at,8825,"lin-7 homolog A, crumbs cell polarity complex component",LIN7A
-0.50066713131101,6.1758174994517185,-2.4021672839338577,0.01983324256553272,0.1910228936222509,-3.3647243341085065,216511_s_at,6934,transcription factor 7 like 2,TCF7L2
-0.7126134591604432,5.370224833354249,-2.401048905650349,0.019887839152936862,0.19133566399251126,-3.3670174211344377,226279_at,11098,"protease, serine 23",PRSS23
0.5050302246369025,10.625536473029383,2.398229038354079,0.02002609788343341,0.19170684471579963,-3.3727954411018732,225987_at,79689,STEAP4 metalloreductase,STEAP4
0.5159051179994396,8.013950419058618,2.397844782472601,0.020045004675876082,0.19180104881177495,-3.3735823812100363,209791_at,11240,peptidyl arginine deiminase 2,PADI2
-0.5483066702217014,7.979180265133199,-2.385620274830684,0.020654918399398366,0.19455719218952444,-3.3985655795104184,210279_at,2841,G protein-coupled receptor 18,GPR18
0.7395421676500531,5.6900348289422595,2.3805953942424347,0.020910412156350436,0.19531722657768888,-3.40880557696594,207674_at,2204,Fc fragment of IgA receptor,FCAR
-0.5285861535620437,5.734556554799882,-2.380122941192386,0.02093457945815993,0.19536478298051674,-3.409767488960362,241762_at,114907,F-box protein 32,FBXO32
0.6077506012488891,3.943499357271722,2.3791355269507006,0.02098516931582121,0.19542738392975814,-3.411777370239164,1558549_s_at,8876,vanin 1,VNN1
0.8765793349490814,5.254941002483347,2.3787462712526324,0.021005142796713335,0.19542738392975814,-3.4125695182070093,206697_s_at,3240,haptoglobin,HP
-0.5093189831710916,6.550695838989791,-2.3759541486905555,0.021148912161821295,0.19586829686654622,-3.418248562682189,235025_at,112840,WD repeat domain 89,WDR89
-0.5302766211673973,6.986576801056341,-2.375527105094314,0.021170978649106997,0.1959287945321556,-3.4191166821998964,220336_s_at,51206,glycoprotein VI platelet,GP6
0.5589348716353957,5.863602468047374,2.368732640514542,0.02152485213773359,0.1974680730727515,-3.4329121939334604,206483_at,23639,leucine rich repeat containing 6,LRRC6
-0.6928954368950597,6.085662918808385,-2.3685713502199044,0.021533316533316207,0.1974680730727515,-3.4332392968642127,231798_at,9241,noggin,NOG
-0.6465012768326992,3.136495093396409,-2.3646911969925837,0.021737844294925143,0.19760828471563502,-3.441103057516678,209289_at,4781,nuclear factor I B,NFIB
-0.7133178928091723,10.702370812872628,-2.356518423707496,0.022174338654939677,0.19844344694750585,-3.4576329295220196,207815_at,5197,platelet factor 4 variant 1,PF4V1
0.544183309247166,6.701995583033465,2.3437662579335252,0.022871079474337124,0.20045748205104685,-3.4833336905912575,220034_at,11213,interleukin 1 receptor associated kinase 3,IRAK3
0.5015526587467383,4.618226980282587,2.34066634917765,0.02304337728816014,0.2009025482275773,-3.489564428943803,230323_s_at,120224,transmembrane protein 45B,TMEM45B
0.6299517282693081,11.328103191231676,2.3146930269392647,0.024533162251569877,0.20497284010164432,-3.541510526921014,206522_at,8972,maltase-glucoamylase,MGAM
-0.5361495556273006,7.340384742201155,-2.30802082227272,0.024929468349746742,0.20642185221418477,-3.5547796572100214,202555_s_at,4638,myosin light chain kinase,MYLK
-0.5266001057995959,5.35665289860688,-2.30781507309191,0.024941779247632467,0.2064429897350988,-3.555188344554203,202609_at,2059,epidermal growth factor receptor pathway substrate 8,EPS8
0.505700337597375,10.371078973532427,2.2957038384668396,0.025676054501514976,0.2090849149476716,-3.5791936390825643,228758_at,604,B-cell CLL/lymphoma 6,BCL6
-0.5176184566379369,6.431683737948014,-2.289063504370789,0.026086750572681346,0.21096762045705145,-3.5923119994741275,202085_at,9414,tight junction protein 2,TJP2
0.7581813262454942,6.960296882892117,2.2815898959424943,0.026555959467957954,0.21287546079372108,-3.6070398266062167,205425_at,3092,huntingtin interacting protein 1,HIP1
0.6297741692329382,3.736141136015086,2.27607494378133,0.026906991894514357,0.2140231965451669,-3.61788286104653,227925_at,399972,ST3GAL4 antisense RNA 1 (head to head),ST3GAL4-AS1
-0.5224213185378082,5.7746752534562376,-2.274038593808609,0.02703764548081441,0.21439066369147772,-3.62188119167619,243835_at,340481,zinc finger DHHC-type containing 21,ZDHHC21
0.5840129373999154,5.473377628222749,2.2733492814337013,0.027081999640543405,0.21442619176472166,-3.6232339856047333,205627_at,978,cytidine deaminase,CDA
0.5632258416796487,7.809634577426259,2.2680192117493028,0.02742715172478367,0.21554562477322559,-3.633683170373334,205896_at,6583,solute carrier family 22 member 4,SLC22A4
0.6234335703735834,5.132044824309469,2.26321278989092,0.02774173516659356,0.21672974489824717,-3.643088731013529,227425_at,9185,RALBP1 associated Eps domain containing 2,REPS2
0.6105614835759887,4.821722173377683,2.250837974803328,0.02856644453102963,0.2186532008957463,-3.6672301082032135,220302_at,4117,male germ cell associated kinase,MAK
0.5150736341440822,8.423168152363404,2.2365354372583854,0.029546617045849575,0.22140564819606978,-3.6949979695463497,220603_s_at,55784,multiple C2 and transmembrane domain containing 2,MCTP2
0.6018512358239407,2.6911300819406687,2.2331781117079696,0.029780966247577076,0.22182788496271869,-3.701495185062089,219179_at,51339,dishevelled binding antagonist of beta catenin 1,DACT1
-0.5904756357531111,6.333320088401342,-2.230061001461264,0.03000001762583175,0.2225494339713708,-3.707520396286649,229530_at,2982,guanylate cyclase 1 soluble subunit alpha,GUCY1A3
0.8449853044835827,8.627162726007423,2.1660278716868144,0.03482583323127436,0.23584357485302188,-3.829764208246889,203936_s_at,4318,matrix metallopeptidase 9,MMP9
0.5394287095635053,3.499427773314088,2.162941548239104,0.03507476304297787,0.23669591289864111,-3.835582107075979,227522_at,134147,carboxymethylenebutenolidase homolog,CMBL
-0.5024346301483851,4.895263289802546,-2.155969065272182,0.03564289185467015,0.2380243118931192,-3.8487003877421233,232397_at,101927482,uncharacterized LOC101927482,LOC101927482
-0.7914732393820012,7.894419761046169,-2.1492127067499145,0.03620109554527384,0.2400781109828996,-3.8613785953142807,225207_at,5166,pyruvate dehydrogenase kinase 4,PDK4
-0.5890792391450388,5.680926443668921,-2.1413156401790103,0.03686324399587799,0.24211607779399633,-3.8761555179920997,201242_s_at,481,ATPase Na+/K+ transporting subunit beta 1,ATP1B1
0.5022440112512152,5.67483509995141,2.1375886685139642,0.0371794087398312,0.24256301682070416,-3.883113718971426,214366_s_at,240,arachidonate 5-lipoxygenase,ALOX5
0.6866671435250664,8.32378171263339,2.132136725944915,0.03764618138124947,0.24378408732834828,-3.893274280684135,211372_s_at,7850,interleukin 1 receptor type 2,IL1R2
0.5165286016315722,9.953249284991731,2.1254952053298446,0.03822172213507851,0.24540781593011257,-3.9056226650778303,227769_at,2850,G protein-coupled receptor 27,GPR27
0.5420940105873262,7.193781016369645,2.120698521527498,0.03864216386884108,0.24624771177547203,-3.91452106100634,215049_x_at,9332,CD163 molecule,CD163
0.9310067217246685,6.071447192089957,2.107699243044098,0.03980196311491954,0.2492010451788215,-3.938551967310125,41469_at,5266,peptidase inhibitor 3,PI3
0.6142149167021156,9.70691556741273,2.105606755116688,0.03999146680643795,0.24965922537700128,-3.942408692578627,205403_at,7850,interleukin 1 receptor type 2,IL1R2
-0.5200459306144607,7.724330787435004,-2.096575256067945,0.04081845210426195,0.25242770322062724,-3.9590181905238437,222892_s_at,55287,transmembrane protein 40,TMEM40
0.5005073569562732,8.171994181204305,2.0935389533620135,0.04109980488077827,0.2534691841469419,-3.9645887348924322,215990_s_at,604,B-cell CLL/lymphoma 6,BCL6
-0.9675634756087281,4.207027806157711,-2.0794313217734346,0.042429331320876944,0.2569043538214795,-3.990382563372292,206624_at,8287,"ubiquitin specific peptidase 9, Y-linked",USP9Y
0.7076602475588345,5.7330720782268,2.0682023286489044,0.043514157416041074,0.2596123841775987,-4.010808619516766,239412_at,3663,interferon regulatory factor 5,IRF5
-0.5293854688783242,4.297034542935101,-2.062513411282303,0.04407289924686903,0.26119487983574724,-4.021121551385867,232725_s_at,64231,membrane spanning 4-domains A6A,MS4A6A
-0.5836143286397943,5.621498795223617,-2.057615665091311,0.044558914394895996,0.262390820275035,-4.029981095311793,201108_s_at,7057,thrombospondin 1,THBS1
0.9962329605002784,6.173213718765113,2.048428285142467,0.04548315202774769,0.26471569856919674,-4.046552310845365,220532_s_at,28959,transmembrane protein 176B,TMEM176B
0.5459358701692922,6.735940042139969,2.0344259540259215,0.046923714502820096,0.2677458048611423,-4.071687861183567,1555892_s_at,253039,PSMD5 antisense RNA 1 (head to head),PSMD5-AS1
0.7387106723117345,6.495154043315592,2.0291849844009793,0.047472972227965475,0.26979520290240755,-4.081058442688732,231828_at,253039,PSMD5 antisense RNA 1 (head to head),PSMD5-AS1
0.5054375361607129,8.00224635226026,2.0216205847073647,0.0482755253950291,0.27206701703278086,-4.094547129660876,203645_s_at,9332,CD163 molecule,CD163
0.6675545956216968,5.340616330307659,2.013516098809369,0.049148359103994545,0.27420429462133666,-4.108951524533151,235278_at,140733,MACRO domain containing 2,MACROD2
-0.5154195256359912,2.9904465551363937,-2.0099520354068785,0.04953649150317984,0.2756102609033023,-4.115270527829203,209290_s_at,4781,nuclear factor I B,NFIB
0.6548452094427777,5.799804152038452,2.0030490575605127,0.05029576142585726,0.2775795368303858,-4.127482319637365,210773_s_at,2358,formyl peptide receptor 2,FPR2
-1.1089631007943659,5.15252367393827,-1.983614687610482,0.052487468829220896,0.281309886546873,-4.1616709670965415,203290_at,3117,"major histocompatibility complex, class II, DQ alpha 1",HLA-DQA1
-0.6196026827807497,6.778225151994256,-1.9831907720937003,0.052536177053634676,0.281309886546873,-4.162413549184136,214469_at,3012,histone cluster 1 H2A family member e,HIST1H2AE
-0.5147034174884357,6.047460497654635,-1.9740889663818408,0.053591394264397456,0.2838859047005314,-4.178324723554177,210664_s_at,7035,tissue factor pathway inhibitor,TFPI
0.5321764262657611,5.558201909052629,1.969520105579005,0.054127911710850504,0.28521297637727355,-4.1862881507593075,207500_at,838,caspase 5,CASP5
0.5077623675631315,9.008913259247873,1.9634466964841037,0.05484823865614281,0.28646965428438237,-4.196849562447184,202464_s_at,5209,"6-phosphofructo-2-kinase/fructose-2,6-biphosphatase 3",PFKFB3
0.5389444390240126,9.83800541377954,1.9611979443303258,0.05511702592526358,0.2869645382809252,-4.200752975869098,205220_at,8843,hydroxycarboxylic acid receptor 3,HCAR3
0.5157809701881177,5.581369659505656,1.934204645108062,0.058432570395700226,0.29424429304374017,-4.247309053640136,229635_at,100505702,long intergenic non-protein coding RNA 1094,LINC01094
0.5428849100580555,8.04930424596431,1.9287842754022677,0.05911850492599837,0.2956064973326451,-4.256590926018489,210772_at,2358,formyl peptide receptor 2,FPR2
-0.5151015806797146,5.363377137234621,-1.9133751406951236,0.06110614580788738,0.30001430046685207,-4.282855156914778,223952_x_at,10170,dehydrogenase/reductase 9,DHRS9
-0.5580410026437939,5.216554644903647,-1.9086185311010686,0.06173109145467879,0.301056470911753,-4.290925931314119,224009_x_at,10170,dehydrogenase/reductase 9,DHRS9
0.5876726936252625,6.584211469686963,1.908220043093213,0.06178369280411169,0.30123598585400757,-4.291601279045697,1552772_at,338339,C-type lectin domain family 4 member D,CLEC4D
-0.55774761645716,3.4669779385177852,-1.8865975896570506,0.06469565365469228,0.3064713946974182,-4.328063800475787,201617_x_at,800,caldesmon 1,CALD1
0.6862954972912814,4.937370162321027,1.8832985007422498,0.06515003746090509,0.3073164308858212,-4.333595536895211,238983_at,79730,NOP2/Sun RNA methyltransferase family member 7,NSUN7
0.5502677727352872,5.0584260078854255,1.8575229640673463,0.06879413170848411,0.31413957488121946,-4.376525400107597,234973_at,92745,solute carrier family 38 member 5,SLC38A5
-0.55128103358303,5.916290486589134,-1.8537377601644978,0.06934351966850864,0.3158982562676505,-4.382786477617563,212667_at,6678,secreted protein acidic and cysteine rich,SPARC
-0.7054173898194627,8.705072480809873,-1.8396202127444823,0.07142534260332695,0.318960431625637,-4.406040122042811,211506_s_at,3576,C-X-C motif chemokine ligand 8,CXCL8
-0.6032005632428286,7.459034110587098,-1.8192566125666207,0.07452083419029695,0.32565845325240644,-4.439308653886071,226665_at,130872,"AHA1, activator of heat shock 90kDa protein ATPase homolog 2 (yeast)",AHSA2
-0.5503372241804794,7.268951890362452,-1.7962906251799868,0.0781463870321293,0.3308684918774067,-4.476439869835695,229778_at,80763,spexin hormone,SPX
-0.5738714411615309,6.799837607434069,-1.7715355169009253,0.08221859252925362,0.3387202038981068,-4.515999761548922,1569110_x_at,728613,programmed cell death 6 pseudogene,LOC728613
0.6542515540895355,6.4446035390047305,1.7706945588760903,0.08235998162127728,0.3390186207339324,-4.517335171005513,1552773_at,338339,C-type lectin domain family 4 member D,CLEC4D
0.6600407880052099,11.809227444535818,1.7557559799276732,0.08490555277814225,0.3428118365520601,-4.5409639006864815,211560_s_at,212,5'-aminolevulinate synthase 2,ALAS2
0.6096362522816197,8.84068232748323,1.7022018258192486,0.09457454546895826,0.35880857348876255,-4.624215049594232,230388_s_at,644246,KANSL1 antisense RNA 1,KANSL1-AS1
0.866581828599335,3.5262127689363645,1.6815752063117098,0.09853307544989812,0.3653310305231641,-4.65566815151671,202411_at,3429,interferon alpha inducible protein 27,IFI27
0.5547947337916463,5.312413333140734,1.680216412995129,0.09879855474010338,0.3657954666146825,-4.6577281476921915,205728_at,10178,teneurin transmembrane protein 1,TENM1
0.5054866901785218,9.884374638750293,1.65371037416089,0.10409574582783676,0.37427763404719827,-4.69761494353561,1555167_s_at,10135,nicotinamide phosphoribosyltransferase,NAMPT
-0.5613943081199269,5.979121077527818,-1.6386579413757143,0.10720584434038438,0.37887025355908444,-4.720013325074444,231979_at,100129387,GABPB1 antisense RNA 1,GABPB1-AS1
-0.6657169176212712,4.610799634247569,-1.618471854705506,0.11149503796449588,0.3858165081679842,-4.749762064510474,203324_s_at,858,caveolin 2,CAV2
-0.544541628651956,9.45667354264534,-1.5683510797838913,0.12274853656044997,0.4027400805634118,-4.822188472873812,227462_at,64167,endoplasmic reticulum aminopeptidase 2,ERAP2
-0.6755649851144074,4.582325990653516,-1.490409514402278,0.1420419864330316,0.4280684138144183,-4.930705961688847,223645_s_at,246126,"taxilin gamma pseudogene, Y-linked",TXLNGY
-0.5718918391322507,8.265666154151697,-1.4780407401699847,0.14531309051529198,0.4327482746257766,-4.947462861609898,235104_at,64167,endoplasmic reticulum aminopeptidase 2,ERAP2
-0.5038162071768664,4.835866788975297,-1.4307936754560675,0.15835694920177593,0.4512392151477555,-5.010292190175966,205612_at,22915,multimerin 1,MMRN1
0.6123711682573667,9.905003504759067,1.4045675386552443,0.16598129114261329,0.4605712504796373,-5.044356670198798,204351_at,6286,S100 calcium binding protein P,S100P
-0.6936246085870037,4.550556834497055,-1.4034429417400367,0.16631447234461266,0.4609050271054002,-5.045804378187486,223646_s_at,246126,"taxilin gamma pseudogene, Y-linked",TXLNGY
-0.5238040481537025,4.966217269269363,-1.3802542096231387,0.17330037059378542,0.47010419801027364,-5.075416508712783,1553513_at,55350,vanin 3,VNN3
-0.8392396556938531,5.3850114576591315,-1.3742752143103432,0.17513770290208577,0.47253835506449526,-5.082977657748399,236694_at,246126,"taxilin gamma pseudogene, Y-linked",TXLNGY
-0.9770895975828564,5.607712410989979,-1.3111797532030938,0.1954472325668904,0.4980537051088569,-5.16090918018503,228492_at,8287,"ubiquitin specific peptidase 9, Y-linked",USP9Y
-0.6542850017462261,4.132796954031271,-1.295950695515921,0.20060561448477432,0.5036207879482479,-5.179207735577606,215666_at,3126,"major histocompatibility complex, class II, DR beta 4",HLA-DRB4
-0.7198008301094898,5.147172424871367,-1.2643891203681425,0.21162033701902128,0.5150284651064823,-5.216493887591286,206700_s_at,8284,lysine demethylase 5D,KDM5D
0.5544077840481556,7.112673394221471,1.188451325814064,0.23995165561111056,0.5429323236479845,-5.302662979773166,208450_at,3957,galectin 2,LGALS2
-0.7034016959528282,5.635616461437911,-1.1591970365679312,0.251569883542879,0.5547438457612204,-5.334514490361899,230760_at,7544,"zinc finger protein, Y-linked",ZFY
0.6216580875160682,6.788291707092089,1.1398588188577028,0.25946832944677806,0.5636519560623726,-5.35515664414067,212999_x_at,3119,"major histocompatibility complex, class II, DQ beta 1",HLA-DQB1
-0.5105037132294168,8.926887553753456,-1.072288009656038,0.2884471485575268,0.5901848948760853,-5.424689342731911,219759_at,64167,endoplasmic reticulum aminopeptidase 2,ERAP2
-0.7726520117843121,5.603305108675576,-1.071244643669695,0.28891156237205984,0.5907232061025707,-5.4257312526920405,232618_at,246126,"taxilin gamma pseudogene, Y-linked",TXLNGY
-0.8402650647352878,6.029217889269272,-1.046873126820725,0.2999071344304781,0.6003544707904034,-5.4497929492797335,214131_at,246126,"taxilin gamma pseudogene, Y-linked",TXLNGY
0.9063586296214643,5.543669716724201,1.0222811025012806,0.3112896789020671,0.6092741647564188,-5.473535043911177,213831_at,3117,"major histocompatibility complex, class II, DQ alpha 1",HLA-DQA1
1.0103719882864288,5.999134485891594,1.0102540220989717,0.31696186408423016,0.6135082522018274,-5.484949428213107,209480_at,3119,"major histocompatibility complex, class II, DQ beta 1",HLA-DQB1
-1.0508120045761302,8.546668447839295,-0.9335791204801757,0.3547532439646248,0.6451611475385199,-5.554661809115311,201909_at,6192,"ribosomal protein S4, Y-linked 1",RPS4Y1
-1.0110528914596237,7.306865417395554,-0.9040424492862994,0.37006226315731605,0.6578012479845942,-5.580100075383463,205000_at,8653,"DEAD-box helicase 3, Y-linked",DDX3Y
0.9012409485620401,5.485020399608276,0.8291439810439083,0.4107402213493041,0.6865765390408557,-5.641050893406923,221728_x_at,7503,X inactive specific transcript (non-protein coding),XIST
-0.9701896635318352,7.4410538046243,-0.82205265844527,0.41472843749170396,0.6898706785963792,-5.646556387438448,204409_s_at,9086,"eukaryotic translation initiation factor 1A, Y-linked",EIF1AY
-0.7138861989162146,6.973425022728193,-0.8216740644953837,0.4149420218904789,0.6899719732071816,-5.6468490226995645,205001_s_at,8653,"DEAD-box helicase 3, Y-linked",DDX3Y
0.6627719012096387,5.142292642423375,0.8125808293923805,0.4200920506451943,0.694279151898268,-5.653838235827573,236203_at,3117,"major histocompatibility complex, class II, DQ alpha 1",HLA-DQA1
0.8873823291890783,5.543384152308797,0.80335356168702865,0.42535727994444295,0.6968935420715037,-5.660853034126907,214218_s_at,7503,X inactive specific transcript (non-protein coding),XIST
-0.6968790906951456,6.282037998864457,-0.7944197647020524,0.43049262463908433,0.7009545114187999,-5.667570343767117,204410_at,9086,"eukaryotic translation initiation factor 1A, Y-linked",EIF1AY
1.1029006781888198,6.563266320869904,0.7723456293296501,0.4433389405252225,0.7106590866609794,-5.683853644726496,224588_at,7503,X inactive specific transcript (non-protein coding),XIST
0.9238626193318895,5.829395682526545,0.7686904575546961,0.44548765506331056,0.7119382825446218,-5.6865067153913404,227671_at,7503,X inactive specific transcript (non-protein coding),XIST
0.8103958791790395,5.643075982176157,0.7131194353432952,0.4788988651328384,0.733906873650875,-5.725326117321503,224590_at,7503,X inactive specific transcript (non-protein coding),XIST
0.5540519660895216,4.7539502508261595,0.6553835321870995,0.515054515488552,0.7574376082239372,-5.762633668280277,224589_at,7503,X inactive specific transcript (non-protein coding),XIST
